content,id_SN,date,tags,title,support_line,menu,sector,images_hd,layout,files,created_date,published,releated_posts,section,label,video,video_thumbnail,hat,special-page,target,link
,13,2019-01-15T17:51:47-02:00,[],MST Indica | Comida de Verdade,Documentário debate questão da produção de alimentos.,agricultura camponesa,,,post,[],2019-01-15T17:52:44-02:00,true,[],tv,,https://www.youtube.com/watch?reload=9&v=vgJgd3OvicU&t=762s,http://img.youtube.com/vi/vgJgd3OvicU/0.jpg,,,,
,43,2019-01-30T16:05:08-02:00,[],Carta ao Povo Brasileiro,"O Movimento Sem Terra celebra seus 35 anos de luta pela reforma agrária e por justiça social. Mais uma vez, reafirmamos nosso compromisso de lutar pela democratização da terra, pela produção de alimentos saudáveis, pela soberania popular.",projeto popular,,,post,[],2019-01-30T16:07:15-02:00,true,[],tv,,https://youtu.be/-sR8y1wCpKQ,http://img.youtube.com/vi/-sR8y1wCpKQ/0.jpg,,,,
,82,2019-02-13T11:58:29-02:00,reforma-agrária|assentamento|lutas,ASSENTAMENTO NORMANDIA | Por que o MST existe?,Assista a esse minidoc do MST de Pernambuco e descubra. ,lutas e mobilizações,,,post,[],2019-02-13T12:00:06-02:00,true,_posts/2018/05/2018-05-10-assentamento-oziel-alves-pereira-a-concretizacao-de-um-projeto.md|_posts/2018/10/2018-10-29-fazenda-anonni-33-de-luta-e-resistencia.md|_posts/2019/01/2019-01-07-stedile-a-militancia-nao-pode-ter-medo-algum-porque-estamos-lutando-por-justica.md|_posts/2019/01/2019-01-11-2018-foi-um-ano-que-silenciou-a-reforma-agraria.md|_posts/2018/04/2018-04-25-no-ceara-assentamento-comemora-27-anos-de-luta-pela-terra.md|_posts/2019/02/2019-02-06-o-mst-vai-resistir-ativamente-nao-vamos-pegar-a-sacola-e-ir-para-casa.md|_posts/2019/01/2019-01-30-durante-as-comemoracoes-de-35-anos-o-mst-reiterou-uma-serie-de-posicionamentos-acerca-da-atual-conjuntura.md|_posts/2019/02/2019-02-08-dddddddddddddd.md,tv,,https://www.youtube.com/watch?v=mz-iNxzSKHc,http://img.youtube.com/vi/mz-iNxzSKHc/0.jpg,,,,
,85,2019-02-13T12:00:34-02:00,35-anos|mst|resistência,MST 35 Anos de Luta e Resistência!,"Em 2019, o Movimento dos Trabalhadores Rurais Sem Terra, celebra 35 anos de luta e resistência! Confira um pouco dessa história",lutas e mobilizações,,,post,[],2019-02-13T12:01:30-02:00,true,[],tv,,https://www.youtube.com/watch?v=mz-iNxzSKHc,http://img.youtube.com/vi/mz-iNxzSKHc/0.jpg,,,,
,88,2019-02-13T11:55:17-02:00,sem-terrinha|reforma-agrária|lutas-e-mobilizações,"Sem Terrinha em Movimento: brincar, sorrir, lutar!","Foram quatro dias em que o pensar direitos sociais, educação, Reforma Agrária Popular e alimentação saudável foi feito através de atividades culturais, educativas, brincadeiras e oficinas de arte e cultura","educação, cultura e comunicação",,,post,[],2019-02-13T11:56:43-02:00,true,_posts/2018/05/2018-05-12-carta-ao-povo-brasileiro.md|_posts/2018/07/2018-07-04-sem-terras-vao-a-camara-de-macae-para-pedir-area-do-municipio.md|_posts/2018/08/2018-08-22-acampamento-maria-rosa-do-contestado-realiza-1a-feira-da-semente-crioula-no-parana.md|_posts/2018/10/2018-10-31-se-continuar-agredindo-movimentos-depois-de-empossado-bolsonaro-cometera-crime.md|_posts/2018/11/2018-11-03-familias-produtoras-do-cafe-guaii-sofrem-ameaca-de-despejo.md|_posts/2018/07/2018-07-25-oficinas-animacao-e-comida-saudavel-o-segundo-dia-do-encontro-sem-terrinha.md|_posts/2018/07/2018-07-26-sem-terrinha-afirma-compromisso-na-luta-pelos-direitos-da-crianca.md|_posts/2018/07/2018-07-24-do-nordeste-para-o-cerrado-um-encontro-de-descobertas.md|_posts/2018/07/2018-07-24-queremos-que-todas-as-criancas-possam-ser-felizes-e-livres-afirma-manifesto-das-criancas-sem-terrinha.md|_posts/2018/07/2018-07-25-durante-passeio-cultural-em-brasilia-sem-terrinha-entregam-manifesto-no-mec.md|_posts/2018/07/2018-07-26-arte-e-cultura-para-ler-o-mundo-e-transforma-lo-com-as-maos-das-criancas.md|_posts/2018/07/2018-07-26-diario-sem-terrinha-sim-para-a-gratidao-e-nao-para-a-retirada-de-direitos.md,tv,,https://www.youtube.com/watch?v=pm2cgAEgVA0,http://img.youtube.com/vi/pm2cgAEgVA0/0.jpg,,,,
,112,2019-02-22T15:42:00-03:00,[],Unidade Pedagógica de Agroecologia - Acampamento Edson Nogueira (RJ),"A Câmara de Vereadores de Macaé, município da região\_Norte Fluminense, aprovou este ano a criação de uma “Unidade Pedagógica em Agroecologia” no acampamento Edson Nogueira, organizado pelo\_MST.",agricultura camponesa,,,post,[],2019-02-22T15:43:45-03:00,true,[],tv,,https://youtu.be/HiTJHAECnac,http://img.youtube.com/vi/HiTJHAECnac/0.jpg,Unidade Pedagógica de Agroecologia - Acampamento Edson Nogueira (RJ),,,
,139,2019-03-07T15:25:39-03:00,[],"Pela vida das mulheres, somos todas Marielle! ",Nesta Jornada Nacional de Luta das Mulheres Sem Terra temos duas datas importantes: o Dia Internacional da Mulher e um ano do assassinato de Marielle Franco! ,lutas e mobilizações,culture,,post,[],2019-03-07T15:28:07-03:00,true,[],tv,,https://www.youtube.com/watch?v=vTzP7q6g3sc&list=PLs_FebLgno7buJ_K2uG53vyn8E-fEwBJF&index=3&t=2s,http://img.youtube.com/vi/vTzP7q6g3sc/0.jpg,,,,
,160,2019-03-12T18:04:40-03:00,[],Festa da Colheita do Arroz tá chegando!,Somos o maior produtor de arroz orgânico da América Latina e estamos em festa!,reforma agrária,,,post,[],2019-03-12T18:05:41-03:00,true,[],tv,,https://youtu.be/vnko2iXENdE,http://img.youtube.com/vi/vnko2iXENdE/0.jpg,,,,
,162,2019-03-12T17:27:35-03:00,[],Pela Vida das Mulheres: somos todas Marielle!,Confira como foi o dia Internacional de Luta das Mulheres em São Paulo ,lutas e mobilizações,,,post,[],2019-03-12T17:28:34-03:00,true,[],tv,,https://www.youtube.com/watch?v=dCIMP5fKuKo,http://img.youtube.com/vi/dCIMP5fKuKo/0.jpg,,,,
,175,2019-03-14T17:23:44-03:00,[],Veja o que vai rolar na 16º Festa da Colheita do Arroz Agroecológico no Rio Grande do Sul!,Serão colhidas 26 mil toneladas de arroz sem veneno!,agricultura camponesa,,,post,[],2019-03-14T17:26:06-03:00,true,[],tv,,https://youtu.be/hui2XpgJoyA,http://img.youtube.com/vi/hui2XpgJoyA/0.jpg,,,,
,176,2019-03-15T15:32:07-03:00,[],Amanhecer por Marielle em acampamento do MST,"No dia que completou um ano de sua morte, MST exige justiça!",lutas e mobilizações,,,post,[],2019-03-15T15:33:04-03:00,true,[],tv,,https://youtu.be/0He5XAYklM0,http://img.youtube.com/vi/0He5XAYklM0/0.jpg,,,,
,209,2019-03-22T14:07:26-03:00,[],Terreiro Cultural em Minas Gerais!,Confira o que rolou lá na Zona da Mata.,"educação, cultura e comunicação",,,post,[],2019-03-22T14:08:03-03:00,true,[],tv,,https://youtu.be/H8QbCg0zicw,http://img.youtube.com/vi/H8QbCg0zicw/0.jpg,,,,
,210,2019-03-22T12:47:18-03:00,[],Vem aí a IV Feira Nacional da Reforma Agrária!,Confira o que já teve nas outras. ;),reforma agrária,,,post,[],2019-03-22T12:48:47-03:00,true,[],tv,,https://youtu.be/ttrQOA7NAKU,http://img.youtube.com/vi/ttrQOA7NAKU/0.jpg,,,,
,222,2019-03-27T15:24:43-03:00,[],Confira como foi a abertura da XVI Festa da Colheita do Arroz Orgânico!,E descubra como o MST se transformou no maior produtor de arroz orgânico da América Latina! ,agricultura camponesa,,,post,[],2019-03-27T15:25:58-03:00,true,[],tv,,https://youtu.be/FTsjSOOGvS0,http://img.youtube.com/vi/FTsjSOOGvS0/0.jpg,,,,
,261,2019-04-03T15:26:36-03:00,feira-da-reforma-agrária|agroecologia|alimentação-saudável,Preparados para a IV Feira Nacional da Reforma Agrária?,"eatro, música, dança, cultura popular, comidas tradicionais e muito mais",agricultura camponesa,,,post,[],2019-04-03T15:27:57-03:00,true,_posts/2018/06/2018-06-02-mulheres-no-iv-ena-somos-como-as-aguas-juntas-temos-mais-forca.md|_posts/2018/06/2018-06-02-dossie-contra-lei-dos-agrotoxicos-e-lancado-durante-o-iv-ena.md|_posts/2018/09/2018-09-12-mulheres-da-terra-inaugura-feira-de-organicos-e-coloniais-na-ufrgs.md|_posts/2018/06/2018-06-13-comercializar-e-comunicar-e-dialogar-sobre-a-reforma-agraria-popular-explica-dirigente.md|_posts/2018/06/2018-06-19-mst-investe-na-producao-agroecologica-de-norte-a-sul-da-bahia.md|_posts/2018/06/2018-06-19-25-mil-pessoas-participam-da-4o-feira-estadual-da-reforma-agraria-em-salvador.md|_posts/2018/06/2018-06-21-mst-leva-mais-de-30-variedades-de-feijao-organico-ao-coracao-de-piratini-no-rio-grande-do-sul.md|_posts/2018/09/2018-09-04-nosso-projeto-e-produzir-alimentos-saudaveis-e-acessiveis-a-todo-o-povo-destaca-dirigente-do-mst.md,tv,,https://www.youtube.com/watch?v=1CW2nlmngX8,http://img.youtube.com/vi/1CW2nlmngX8/0.jpg,,,,
,285,2019-04-09T13:52:08-03:00,[],Reforma da Previdência: o que você tem a ver com isso? ,"As mulheres do campo, das águas e da floresta explicam o que você tem a ver com essa proposta de Reforma da Previdência!",lutas e mobilizações,,,post,[],2019-04-09T13:52:56-03:00,true,[],tv,,https://youtu.be/wThQzoIi8dQ,http://img.youtube.com/vi/wThQzoIi8dQ/0.jpg,,,,
,325,2019-04-16T21:56:58-03:00,comunicação-popular|democratização-da-comunicação|comunicação,Qual o papel da comunicação nos dias de hoje?,"Para tentar responder essa pergunta, comunicadores populares reuniram-se no ""I Seminário Nacional de Comunicação - O MST na batalha das ideias"" ","educação, cultura e comunicação",,,post,[],2019-04-16T21:59:24-03:00,true,_posts/2018/07/2018-07-18-brasil-de-fato-volta-ao-rs-resgata-utopias-e-se-propoe-como-ferramenta-na-luta-de-narrativas.md,tv,,https://www.youtube.com/watch?v=S4Qvl63dHzQ,http://img.youtube.com/vi/S4Qvl63dHzQ/0.jpg,,,,
,331,2019-04-18T18:10:44-03:00,[],MST realiza Ato Público em Defesa da Feira Nacional da Reforma Agrária,"Centenas de pessoas ligadas a partidos e entidades da sociedade civil compareceram na tarde de ontem (17) no Parque da Água Branca, em São Paulo (SP), para participar do ato em defesa da realização da IV Feira Nacional da Reforma Agrária.",agricultura camponesa,,,post,[],2019-04-18T18:18:04-03:00,true,[],tv,,https://youtu.be/NxfNt3XBNAE,http://img.youtube.com/vi/NxfNt3XBNAE/0.jpg,,,,
,367,2019-04-30T16:50:26-03:00,[],Acampamento Terra Livre: Indígenas de todo Brasil ocupam Brasília!,"Entre os dias 17 à 19 de abril, milhares de indígenas de todo o Brasil, realizaram o Acampamento Terra Livre.",lutas e mobilizações,,,post,[],2019-04-30T16:51:49-03:00,true,[],tv,,https://youtu.be/ZhAa-eJ0L5Q,http://img.youtube.com/vi/ZhAa-eJ0L5Q/0.jpg,,,,
,371,2019-04-30T17:32:04-03:00,[],Denúncia | 500 famílias são despejadas por Dória em São Paulo!,"No dia 23 de abril, o Acampamento Paulo Kageyama, em Mogi Guaçú (SP), sofreu um despejo violento por parte da Polícia Militar de São Paulo, Força Tática e Polícia Ambiental.",lutas e mobilizações,,,post,[],2019-04-30T17:33:18-03:00,true,[],tv,,https://youtu.be/DaolrClbVYw,http://img.youtube.com/vi/DaolrClbVYw/0.jpg,,,,
,503,2019-06-11T11:12:00-03:00,analise-de-conjuntura|capital|conjuntura|governo-bolsonaro|tarefas-organização|mobilizações,Análise de Conjuntura feita por João Pedro Stedile,"Entenda as movimentações do capital, governo Bolsonaro e a nossas tarefas nesse próximo período!",lutas e mobilizações,,,post,[],2019-06-11T11:14:18-03:00,true,[],tv,,https://www.youtube.com/watch?v=zBeiSK6Kh34,http://img.youtube.com/vi/zBeiSK6Kh34/0.jpg,,,,
,504,2019-06-11T19:22:27-03:00,[],"Carta Terra, Território, Diversidade e Lutas!"," Confira os compromissos firmados na semana passada onde diversos movimentos, organizações, entidades e governos debateram questões fundamentais para a luta política no Brasil. ",lutas e mobilizações,,,post,[],2019-06-11T19:23:03-03:00,true,[],tv,,https://youtu.be/eMC0avwXH0g,http://img.youtube.com/vi/eMC0avwXH0g/0.jpg,,,,
,506,2019-06-11T10:43:53-03:00,expressão-popular|sem-terra-em-cartaz,Conheça o livro Sem Terra em Cartaz!,Livro histórico traz os cartazes feitos por movimentos de luta pela terra durante os anos de 1975 até 2018.,"educação, cultura e comunicação",,,post,[],2019-06-11T10:45:03-03:00,true,[],tv,,https://www.youtube.com/watch?v=kPsncwlOXaE&t=1s,http://img.youtube.com/vi/kPsncwlOXaE/0.jpg,,,,
,511,2019-06-12T14:43:57-03:00,vazajato|lavajato|lulalivre|greve-geral,"Análise de Conjuntura 01 | Vaza Jato, Lula Livre e Greve Geral!","Nessa semana, João Paulo Rodrigues, da Coordenação Nacional do MST, fala sobres os episódios mais importantes da semana.",lutas e mobilizações,,,post,[],2019-06-12T14:45:45-03:00,true,[],tv,,https://youtu.be/mmUDb5a9Chc,http://img.youtube.com/vi/mmUDb5a9Chc/0.jpg,,,,
,532,2019-06-18T14:20:11-03:00,[],Moradores do Assentamento Apolônio de Carvalho e do Guaíba City contra mina de carvão a céu aberto.,"Disputa de territórios, quem quer destruir X quem produz alimentos saudáveis!",lutas e mobilizações,,,post,[],2019-06-18T14:22:24-03:00,true,[],tv,,https://www.youtube.com/watch?v=q6G5Pl4f4f4,http://img.youtube.com/vi/q6G5Pl4f4f4/0.jpg,,,,
,535,2019-06-19T17:06:54-03:00,VAZAJATO|FHC|LULALIVRE|GOVERNO-BOLSONARO,"Análise de Conjuntura | Vitórias da Greve Geral, Vaza Jato com FHC, mudanças no Governo Bolsonaro e calendário de lutas","João Paulo Rodrigues, da Coordenação Nacional do MST, fala sobres os episódios mais importantes da semana.",lutas e mobilizações,,,post,[],2019-06-19T17:08:05-03:00,true,_posts/2019/06/2019-06-12-analise-de-conjuntura-01-or-vaza-jato-lula-livre-e-greve-geral.md,tv,,https://youtu.be/HObEKkwLH94,http://img.youtube.com/vi/HObEKkwLH94/0.jpg,,,,
,556,2019-06-26T16:52:45-03:00,[],"Análise de Conjuntura 03 | Semana do Orgulho LGBT, prisões de militantes, julgamento do HC de Lula","Confira a análise dos principais episódios da semana, com Alessandro Mariano, do Coletivo LGBT do MST, e Ney Strozak, do Coletivo de Direitos Humanos",lutas e mobilizações,,,post,[],2019-06-26T16:53:32-03:00,true,[],tv,,https://www.youtube.com/watch?v=EYXc0SZpIjo&feature=youtu.be,http://img.youtube.com/vi/EYXc0SZpIjo/0.jpg,,,,
,578,2019-07-02T17:46:42-03:00,educação|educação-do-campo|sim-eu-posso," Formação de Formadores do Método ""Sim, Eu Posso"" no Nordeste","formação ocorreu na Bahia, confira!","educação, cultura e comunicação",,,post,[],2019-07-02T17:47:22-03:00,true,_posts/2019/03/2019-03-22-no-ceara-mst-inaugura-mais-uma-escola-de-ensino-medio-do-campo.md|_posts/2019/03/2019-03-29-so-quem-e-militante-consegue-entender-a-solidariedade-entre-os-povos.md|_posts/2019/05/2019-05-06-uma-educacao-que-forma-organiza-e-emancipa.md|_posts/2019/05/2019-05-08-educacao-no-campo-e-pauta-de-audiencia-do-mst-com-governo-gaucho.md|_posts/2019/05/2019-05-28-a-luta-pela-educacao-e-o-campo-dia-30-vai-ser-maior.md,tv,,https://youtu.be/R2r8T7PUdn0,http://img.youtube.com/vi/R2r8T7PUdn0/0.jpg,,,,
,585,2019-07-04T10:53:05-03:00,lutas-e-mobilizações|analise-de-conjuntura|lutas,Análise de Conjuntura 04 | Balanço do primeiro semestre de 2019 e agenda do próximo período,"Jessy Dayane, do Levante Popular da Juventude e Vice-Presidenta da UNE, faz um balanço do primeiro semestre de 2019",lutas e mobilizações,,,post,[],2019-07-04T10:54:07-03:00,true,_posts/2019/02/2019-02-28-movimentos-populares-realizam-ato-contra-a-privatizacao-do-parque-nacional-pau-brasil-na-bahia.md,tv,,https://www.youtube.com/watch?v=QmwhEyLkhco&t=15s,http://img.youtube.com/vi/QmwhEyLkhco/0.jpg,,,,
,588,2019-07-04T14:46:15-03:00,CULTURA-POPULAR|ARTE-E-CULTURA|ARTE,Curso de música popular na Vigília Lula Livre!,Confira a formação de base da arte socialista!,"educação, cultura e comunicação",,,post,[],2019-07-04T14:48:09-03:00,true,_posts/2019/04/2019-04-18-mst-em-juazeiro-encena-espetaculo-sacro-jesus-exemplo-de-comunhao.md|_posts/2019/05/2019-05-17-mst-divulga-nota-em-apoio-aos-trabalhadores-da-cultura-do-df.md|_posts/2018/10/2018-10-22-festival-livre-cancoes-de-agora-lancara-composicoes-ineditas-em-celebracao-a-democracia.md,tv,,https://youtu.be/AecSg6pWSzY,http://img.youtube.com/vi/AecSg6pWSzY/0.jpg,,,,
,592,2019-07-05T11:11:47-03:00,agroecologia|agroecologia-é-o-caminho|educação,Agroecologia e Educação | Escola Luana Carvalho! ,"Conheça a experiência que une agroecologia e educação na Escola Luana Carvalho, no Baixo Sul da Bahia. ","educação, cultura e comunicação",,,post,[],2019-07-05T11:17:03-03:00,true,_posts/2018/11/2018-11-20-importancia-da-agroecologia-no-curriculo-das-escola-do-campo.md|_posts/2018/11/2018-11-30-escola-do-mst-ganha-segundo-lugar-em-mostra-pedagogica-no-rs.md|_posts/2019/01/2019-01-22-mst-inaugura-curso-de-especializacao-em-agroecologia-voltada-a-educacao.md|_posts/2019/02/2019-02-21-familias-sem-terra-realizam-ato-pela-aprovacao-de-unidade-pedagogica-no-rio-de-janeiro.md|_posts/2019/04/2019-04-29-via-campesina-forma-tecnologos-e-tecnologas-em-agroecologia.md|_posts/2018/10/2018-10-03-ana-primavesi-pioneira-da-agroecologia-completa-98-anos.md|_posts/2019/01/2019-01-15-primeiro-curso-de-especializacao-em-educacao-e-agroecologia-acontece-no-extremo-sul-da-bahia.md|_posts/2019/03/2019-03-30-experiencia-de-producao-de-alimentos-saudaveis-aproxima-campo-e-cidade-no-df.md|_posts/2019/05/2019-05-21-estudar-sorrir-e-lutar.md|_posts/2019/05/2019-05-30-cacau-e-chocolate-agroecologico-conheca-a-producao-que-cresce-no-norte-do-pais.md,tv,,https://youtu.be/PJmMWh1RzFc,http://img.youtube.com/vi/PJmMWh1RzFc/0.jpg,,,,
,600,2019-07-08T16:36:44-03:00,agroecologia|internacionalismo,"Sin ayuda del gobierno, MST impulsa la agroecología en Brasil","Confira matéria sobre Assentamento no DF, publicada na Telesur!",solidariedade,,,post,[],2019-07-08T16:38:03-03:00,true,[],tv,,https://www.youtube.com/watch?v=rZxkFhfIA8Y&feature=youtu.be,http://img.youtube.com/vi/rZxkFhfIA8Y/0.jpg,,,,
,605,2019-07-10T17:31:45-03:00,[],"Análise de Conjuntura | Popularidade de Bolsonaro, Vaza Jato, Reforma da Previdência","Altamiro Borges, faz nossa análise de conjuntura semanal abordando os temas: despopularização do Governo Bolsonaro, Vaza Jato, o falecimento do jornalista Paulo Henrique Amorim",lutas e mobilizações,,,post,[],2019-07-10T17:32:51-03:00,true,[],tv,,https://www.youtube.com/watch?v=fyOQkosJJr8&feature=youtu.be,http://img.youtube.com/vi/fyOQkosJJr8/0.jpg,,,,
,640,2019-07-19T16:04:23-03:00,[],"Análise de Conjuntura 6 I Governo Bolsonaro, Capital e Classe Trabalhadora",João Pedro Stedile faz análise de conjuntura nessa semana.,lutas e mobilizações,,,post,[],2019-07-19T16:06:27-03:00,true,[],tv,,https://www.youtube.com/watch?v=8eD51ITKGw8,http://img.youtube.com/vi/8eD51ITKGw8/0.jpg,,,,
,642,2019-07-19T17:59:23-03:00,violência|marielle-vive|direitos-humanos|assassinatos,Mais uma vítima do ódio,Luiz Ferreira da Costa: registro do cotidiano das famílias e a indignação pelo assassinato. Confira no vídeo a seguir: ,direitos humanos,,,post,[],2019-07-19T18:06:08-03:00,true,[],tv,,https://www.youtube.com/watch?v=cPqema_S2dA&feature=youtu.be,http://img.youtube.com/vi/cPqema_S2dA/0.jpg,,,,
,648,2019-07-19T15:43:08-03:00,sem-terra|assassinatos|basta-de-violência-no-campo,Sem Terra é assassinado no interior de São Paulo!,Confira vídeo sobre o ocorrido,direitos humanos,,,post,[],2019-07-19T15:45:25-03:00,true,[],tv,,https://youtu.be/RdHD_58PODQ,http://img.youtube.com/vi/RdHD_58PODQ/0.jpg,,,,
,650,2019-07-20T20:42:27-03:00,acampamento-marielle-vive|luiz-ferreira-da-costa|assassinato|basta-de-violencia-no-campo,"Ato em Valinhos, SP | Homenagem à Luiz Ferreira da Costa","Cerca de 1000 pessoas participaram de um ato pela vida e pela Reforma Agrária,",direitos humanos,,,post,[],2019-07-20T20:43:20-03:00,true,[],tv,,https://youtu.be/HT0m_YDYzaA,http://img.youtube.com/vi/HT0m_YDYzaA/0.jpg,,,,
,655,2019-07-22T16:48:37-03:00,meio-ambiente|aquecimento-global,O amanhã é hoje,O drama de brasileiros impactados pelas mudanças climáticas,meio ambiente,,,post,[],2019-07-22T16:49:34-03:00,true,[],tv,,https://www.youtube.com/watch?v=azrnx55oawQ,http://img.youtube.com/vi/azrnx55oawQ/0.jpg,,,,
,665,2019-07-23T11:04:28-03:00,agroecologia|agroecologia-é-o-caminho|jornada-de-agroecologia,Saiba como apoiar a Jornada de Agroecologia!,João Paulo Rodrigues explica pra nós. ,agricultura camponesa,,,post,[],2019-07-23T11:06:58-03:00,true,_posts/2018/10/2018-10-03-ana-primavesi-pioneira-da-agroecologia-completa-98-anos.md|_posts/2019/01/2019-01-15-primeiro-curso-de-especializacao-em-educacao-e-agroecologia-acontece-no-extremo-sul-da-bahia.md|_posts/2019/03/2019-03-30-experiencia-de-producao-de-alimentos-saudaveis-aproxima-campo-e-cidade-no-df.md|_posts/2019/05/2019-05-21-estudar-sorrir-e-lutar.md|_posts/2019/05/2019-05-30-cacau-e-chocolate-agroecologico-conheca-a-producao-que-cresce-no-norte-do-pais.md,tv,,https://youtu.be/JEsp9ofuDqs,http://img.youtube.com/vi/JEsp9ofuDqs/0.jpg,,,,
,671,2019-07-25T11:11:01-03:00,[],"Análise de Conjuntura 07 I 25 de Julho, Dallagnol e Criminalização dos Movimentos Sociais","Na análise de conjuntura desta semana conversamos com Judite Santos, do Coletivo de Relações Internacionais e Ayala Ferreira, do Coletivo de Direitos Humanos do MST ",lutas e mobilizações,,,post,[],2019-07-25T11:12:25-03:00,true,[],tv,,https://www.youtube.com/watch?v=N0rM85j07X8&feature=youtu.be,http://img.youtube.com/vi/N0rM85j07X8/0.jpg,,,,
,684,2019-07-29T16:03:54-03:00,[],Documentário | Educação em Movimento,Aborda experiências de educação por toda a América Latina!,"educação, cultura e comunicação",,,post,[],2019-07-29T16:05:09-03:00,true,[],tv,,https://youtu.be/VGY3S_Va680,http://img.youtube.com/vi/VGY3S_Va680/0.jpg,,,,
,695,2019-07-30T17:33:46-03:00,[]," Semana passada teve a Feira Estadual da Bahia, confira!",Assista a playlist e veja como foi a feira. ,agricultura camponesa,,,post,[],2019-07-30T17:34:39-03:00,true,[],tv,,https://www.youtube.com/watch?v=dg0VFoxg7xI&list=PLs_FebLgno7Z-1GcDI30WQan2ioOQUmj0,http://img.youtube.com/vi/dg0VFoxg7xI/0.jpg,,,,
,697,2019-07-31T16:37:01-03:00,[],"ANÁLISE DE CONJUNTURA ""8 Especial Saúde: SUS, cortes, PEC 241 e Oswaldo Cruz","Na nossa análise de conjuntura semanal, Joelson Santos, do Setor de Saúde do MST, homenageia o Dia Nacional da Saúde",direitos humanos,,,post,[],2019-07-31T16:37:55-03:00,true,[],tv,,https://www.youtube.com/watch?v=1B_19naPXm4&feature=youtu.be,http://img.youtube.com/vi/1B_19naPXm4/0.jpg,,,,
,729,2019-08-09T15:32:05-03:00,[],ACAMPAMENTO ZEQUINHA | 1 ano de muita luta e resistência!,"Na nossa análise de conjuntura semanal, Alexandre Conceição, da Coordenação Nacional do MST, fala sobre as últimas notícias da Vaza Jato, sobre o caso Lula, reforma da Previdência",lutas e mobilizações,,,post,[],2019-08-09T15:33:13-03:00,true,[],tv,,https://www.youtube.com/watch?v=uJJBeJk1Kzc,http://img.youtube.com/vi/uJJBeJk1Kzc/0.jpg,,,,
,740,2019-08-14T15:46:29-03:00,[],"ANÁLISE DE CONJUNTURA I Privatizações, reformas e calendário de lutas","Nessa semana, Debora Nunes, da coordenação Nacional do MST, apresenta um panorama dos primeiros meses do governo Bolsonaro ",lutas e mobilizações,,,post,[],2019-08-14T15:48:37-03:00,true,[],tv,,https://www.youtube.com/watch?v=2qm1ZNf_uOc&feature=youtu.be,http://img.youtube.com/vi/2qm1ZNf_uOc/0.jpg,,,,
,818,2019-09-03T15:07:58-03:00,[],MULHERES EM LUTA: SEMEANDO RESISTÊNCIA!,"O encontro se aproxima e ""é tarefa de todas nós nos envolvermos, motivarmos, convocarmos as mulheres acampadas e assentadas pra se envolver nesse amplo processo de construção do nosso encontro""",lutas e mobilizações,,,post,[],2019-09-03T15:11:41-03:00,true,[],tv,,https://www.youtube.com/watch?v=cF-ocA9cfN0&feature=youtu.be,http://img.youtube.com/vi/cF-ocA9cfN0/0.jpg,,,,
,865,2019-09-12T15:53:03-03:00,pernambuco|despejo,Nita Freire defende  Centro de Formação Paulo Freire contra despejo,"Nita Freire, pedagoga e viúva de Paulo Freire, prestou solidariedade ao Centro de Formação Paulo Freire, localizado no assentamento Normandia, município de Caruaru - PE","educação, cultura e comunicação",,,post,[],2019-09-12T16:00:24-03:00,true,[],tv,,https://www.youtube.com/watch?v=X2K3hZ4uL1w&feature=youtu.be,http://img.youtube.com/vi/X2K3hZ4uL1w/0.jpg,,,,
"<p>&nbsp;</p>

<p>&nbsp;</p>

<p><iframe allowfullscreen="""" frameborder=""0"" height=""360"" src=""//www.youtube.com/embed/IdMwEQu-mzM"" width=""640""></iframe></p>

<p>&nbsp;</p>
",866,2019-09-13T16:48:19-03:00,[],"ANÁLISE DE CONJUNTURA ""14 | Ataques ao MST, Censura, Vaza Jato e Milícias","No programa de Análise de Conjuntura desta semana, Joaquin Piñero, da Coordenação Nacional do MST, fala sobre o aumento dos ataques do governo Bolsonaro ao MST, os casos de censura, Vaza Jato e e as Milícias no Rio de Janeiro",direitos humanos,,,post,[],2019-09-13T17:44:07-03:00,true,[],tv,,https://www.youtube.com/watch?v=IdMwEQu-mzM&feature=youtu.be,http://img.youtube.com/vi/IdMwEQu-mzM/0.jpg,,,,
"<p>&nbsp;</p>

<p>&nbsp;</p>
",879,2019-09-17T11:22:17-03:00,armazem-do-campo|festa,Aniversário do Armazém do Campo no Rio de Janeiro reúne arte e cultura brasileira,A luta pela terra e pela alimentação saudável aproximam mais e mais pessoas ,reforma agrária,,,post,[],2019-09-17T11:32:51-03:00,true,[],tv,,https://www.youtube.com/watch?v=zsRQ2h2orDk&feature=youtu.be,http://img.youtube.com/vi/zsRQ2h2orDk/0.jpg,,,,
,886,2019-09-17T19:08:04-03:00,[],Pelo Direito à Literatura | Escola São Judas,"No Mato Grosso do Sul, a Escola São Judas tem uma preocupação constante em transformar seus educandos e educandas em leitores e leitoras, pelo simples prazer de ler","educação, cultura e comunicação",,,post,[],2019-09-17T19:08:44-03:00,true,[],tv,,https://www.youtube.com/watch?v=gyxNzgBjX3Q&feature=youtu.be,http://img.youtube.com/vi/gyxNzgBjX3Q/0.jpg,,,,
,896,2019-09-20T17:15:04-03:00,mulheres|mulheres-camponesas|agronegócio,Bayer/Monsanto é VENENO,Mulheres Sem Terra se unem à mobilizações pela Amazônia e pela preservação ambiental ,agronegócio,,,post,[],2019-09-20T17:20:39-03:00,true,[],tv,,https://www.youtube.com/watch?v=DhTBb0oljpc&feature=youtu.be,http://img.youtube.com/vi/DhTBb0oljpc/0.jpg,,,,
,900,2019-09-20T17:09:35-03:00,educação|Paulo-Freire|formação,Nita Freire fala a mensagem de Paulo Freire,"Nita Freire, companheira de Paulo Freire, nos conta um pouco mais sobre o legado deste grande lutador brasileiro.","educação, cultura e comunicação",,,post,[],2019-09-20T17:15:01-03:00,true,[],tv,,https://www.youtube.com/watch?v=XAPZmoiPqoE,http://img.youtube.com/vi/XAPZmoiPqoE/0.jpg,,,,
,909,2019-09-24T16:15:42-03:00,haiti|internacionalismo|lutas,"ANÁLISE DE CONJUNTURA ""15 | Especial Haiti","Na Análise de Conjuntura dessa semana, Paulo Henrique, militante do MST e da Brigada Internacionalista Dessalines, fala sobre a situação política no Haiti e os protestos que exigem a renúncia do presidente do país, Jovenel Moïse",lutas e mobilizações,,,post,[],2019-09-24T16:20:18-03:00,true,_posts/2018/12/2018-12-01-tv-panafricana-voz-de-esperanca-que-vem-da-africa.md|_posts/2018/12/2018-12-06-31-anos-atras-comecava-a-primeira-intifada.md,tv,,https://www.youtube.com/watch?v=KmyjWhy-_zA&t=34s,http://img.youtube.com/vi/KmyjWhy-_zA/0.jpg,,,,
,930,2019-09-28T11:32:36-03:00,analise-de-conjuntura|meio-ambiente|onu,"ANÁLISE DE CONJUNTURA ""16 I Lutas em defesa do Clima, Necropolítica e Fórum Mundial da Natureza","Na análise de conjuntura desta semana, Gilmar Mauro, da coordenação nacional do MST, fala sobre as lutas em defesa do clima, a violência da Polícia Militar do Ri ode Janeiro, Assembleia Geral da ONU e outros tópicos da semana",direitos humanos,,,post,[],2019-09-28T11:36:46-03:00,true,[],tv,,https://youtu.be/da_8WXhIRvk,http://img.youtube.com/vi/da_8WXhIRvk/0.jpg,,,,
"<p>&nbsp;</p>

<p>&nbsp;</p>
",964,2019-10-05T23:07:11-03:00,cultura|arte-e-cultura|governo-bolsonaro,"Análise de Conjuntura ""17 I Especial Cultura","Na Análise de Conjuntura dessa semana, Jailma Lopes, do Coletivo Nacional de Cultura do MST, aborda o tema da cultura no governo de Bolsonaro.","educação, cultura e comunicação",,,post,[],2019-10-05T23:10:08-03:00,true,[],tv,,https://www.youtube.com/watch?v=scPS-_59eQQ&feature=youtu.be,http://img.youtube.com/vi/scPS-_59eQQ/0.jpg,,,,
,968,2019-10-07T15:43:28-03:00,agroeocologiaéocaminho|escolaluanacarvalho|escoladocampo,Conheça experiência de formação em agroecologia e agrofloresta dos jovens na Bahia!,Educandos das Escola Luana Carvalho participam de oficina. ,"educação, cultura e comunicação",,,post,[],2019-10-07T15:56:07-03:00,true,[],tv,,https://youtu.be/63T_8V4S6lI,http://img.youtube.com/vi/63T_8V4S6lI/0.jpg,,,,
,972,2019-10-07T16:09:19-03:00,juventude|juventude-sem-terra|agroecologia|agroecologia-é-o-caminho,Você sabe o que a juventude faz no campo?,Conheça a experiência do coletivo de juventude do MST de Santa Catarina.,reforma agrária,,,post,[],2019-10-07T16:10:22-03:00,true,_posts/2019/08/2019-08-23-a-terra-nao-e-mercadoria-juventude-sem-terra-e-agroecologia.md|_posts/2019/01/2019-01-15-primeiro-curso-de-especializacao-em-educacao-e-agroecologia-acontece-no-extremo-sul-da-bahia.md|_posts/2019/03/2019-03-30-experiencia-de-producao-de-alimentos-saudaveis-aproxima-campo-e-cidade-no-df.md|_posts/2019/05/2019-05-21-estudar-sorrir-e-lutar.md|_posts/2019/05/2019-05-30-cacau-e-chocolate-agroecologico-conheca-a-producao-que-cresce-no-norte-do-pais.md|_posts/2019/06/2019-06-11-seminario-da-repam-juventude-promove-discussoes-sobre-ecologia.md|_posts/2019/06/2019-06-19-no-ceara-mst-realiza-xv-encontro-estadual-da-juventude-sem-terra.md|_posts/2019/08/2019-08-11-arte-para-revolucionar-juventude-sem-terra-e-a-cultura-no-mst-na-batalha-das-ideias.md|_posts/2019/10/2019-10-02-versos-de-resistencia-em-alagoas-jovens-sao-premiados-em-concurso-de-poesia.md,tv,,https://youtu.be/Zb3e8gNIEbA,http://img.youtube.com/vi/Zb3e8gNIEbA/0.jpg,,,,
